PRAGMA foreign_keys = ON;

INSERT INTO student_groups (group_id, group_name) VALUES
    (1, 'CS-101'),
    (2, 'SE-102'),
    (3, 'DS-201'),
    (4, 'CY-301'),
    (5, 'BA-401');

INSERT INTO students (student_id, first_name, last_name, sex, group_id) VALUES
    (1, 'Noa', 'Cohen', 'F', 1),
    (2, 'Eitan', 'Levi', 'M', 1),
    (3, 'Maya', 'Rosen', 'F', 1),
    (4, 'Daniel', 'Katz', 'M', 2),
    (5, 'Sarah', 'Miller', 'F', 2),
    (6, 'Adam', 'Green', 'M', 2),
    (7, 'Yael', 'Ben-David', 'F', 3),
    (8, 'Jonathan', 'Smith', 'M', 3),
    (9, 'Tamar', 'Weiss', 'F', 3),
    (10, 'Ariel', 'Abramson', 'M', 4),
    (11, 'Emma', 'Wilson', 'F', 4),
    (12, 'Liam', 'Brown', 'M', 4),
    (13, 'Shira', 'Goldstein', 'F', 5),
    (14, 'Omer', 'Haddad', 'M', 5),
    (15, 'Rachel', 'Johnson', 'F', 5),
    (16, 'Michael', 'Carter', 'M', 1),
    (17, 'Lior', 'Barak', 'M', 2),
    (18, 'Abigail', 'Stone', 'F', 3),
    (19, 'Itamar', 'Shalev', 'M', 4),
    (20, 'Hannah', 'Davis', 'F', 5);

INSERT INTO teachers (teacher_id, first_name, last_name, sex) VALUES
    (1, 'Rachel', 'Cohen', 'F'),
    (2, 'David', 'Miller', 'M'),
    (3, 'Yael', 'Levi', 'F'),
    (4, 'Jonathan', 'Reed', 'M'),
    (5, 'Amir', 'Ben-David', 'M'),
    (6, 'Sarah', 'Kaplan', 'F'),
    (7, 'Michael', 'Green', 'M'),
    (8, 'Talia', 'Rosen', 'F');

INSERT INTO courses (course_id, course_code, course_name, is_elective) VALUES
    (1, 'CS101', 'Introduction to Programming', 0),
    (2, 'DB201', 'Database Systems', 0),
    (3, 'STAT210', 'Statistics', 0),
    (4, 'ML301', 'Machine Learning', 1),
    (5, 'WEB220', 'Web Development', 1),
    (6, 'CYB250', 'Cybersecurity Fundamentals', 0),
    (7, 'ALG202', 'Algorithms', 0),
    (8, 'CLOUD310', 'Cloud Computing', 1),
    (9, 'AI330', 'Applied AI', 1),
    (10, 'BI240', 'Business Intelligence', 1),
    (11, 'PM200', 'Product Management', 1),
    (12, 'UX210', 'UX Research', 1);

INSERT INTO course_offerings (offering_id, course_id, teacher_id, semester, academic_year) VALUES
    (1, 1, 1, 'Fall', 2025),
    (2, 2, 2, 'Fall', 2025),
    (3, 3, 3, 'Fall', 2025),
    (4, 7, 5, 'Fall', 2025),
    (5, 6, 7, 'Fall', 2025),
    (6, 2, 1, 'Spring', 2026),
    (7, 4, 3, 'Spring', 2026),
    (8, 5, 4, 'Spring', 2026),
    (9, 8, 5, 'Spring', 2026),
    (10, 10, 6, 'Spring', 2026),
    (11, 11, 8, 'Spring', 2026),
    (12, 12, 8, 'Spring', 2026),
    (13, 9, 3, 'Summer', 2026),
    (14, 6, 7, 'Summer', 2026),
    (15, 3, 6, 'Summer', 2026),
    (16, 4, 5, 'Fall', 2026);

INSERT INTO enrollments (enrollment_id, student_id, offering_id, passed) VALUES
    (1, 1, 1, 1),
    (2, 2, 1, 1),
    (3, 3, 1, 1),
    (4, 4, 1, 1),
    (5, 16, 1, 0),
    (6, 1, 2, 1),
    (7, 2, 2, 1),
    (8, 7, 2, 1),
    (9, 8, 2, 0),
    (10, 18, 2, 1),
    (11, 7, 3, 1),
    (12, 8, 3, 1),
    (13, 9, 3, 1),
    (14, 13, 3, 1),
    (15, 20, 3, 0),
    (16, 4, 4, 1),
    (17, 5, 4, 1),
    (18, 6, 4, 1),
    (19, 17, 4, 0),
    (20, 10, 5, 1),
    (21, 11, 5, 1),
    (22, 12, 5, 1),
    (23, 19, 5, 0),
    (24, 2, 6, 1),
    (25, 3, 6, 1),
    (26, 5, 6, 1),
    (27, 9, 6, 1),
    (28, 14, 6, 0),
    (29, 1, 7, 1),
    (30, 7, 7, 1),
    (31, 10, 7, 1),
    (32, 18, 7, 1),
    (33, 3, 8, 1),
    (34, 4, 8, 1),
    (35, 11, 8, 1),
    (36, 15, 8, 0),
    (37, 5, 9, 1),
    (38, 6, 9, 1),
    (39, 12, 9, 1),
    (40, 17, 9, 1),
    (41, 13, 10, 1),
    (42, 14, 10, 1),
    (43, 15, 10, 1),
    (44, 20, 10, 1),
    (45, 13, 11, 1),
    (46, 14, 11, 1),
    (47, 15, 11, 1),
    (48, 20, 11, 0),
    (49, 4, 12, 1),
    (50, 5, 12, 1),
    (51, 13, 12, 1),
    (52, 20, 12, 1),
    (53, 1, 13, 1),
    (54, 2, 13, 1),
    (55, 7, 13, 1),
    (56, 10, 13, 0),
    (57, 10, 14, 1),
    (58, 11, 14, 1),
    (59, 12, 14, 1),
    (60, 19, 14, 1),
    (61, 7, 15, 1),
    (62, 8, 15, 1),
    (63, 9, 15, 1),
    (64, 18, 15, 1),
    (65, 3, 16, 1),
    (66, 6, 16, 1),
    (67, 12, 16, 1),
    (68, 17, 16, 1);

INSERT INTO grades (grade_id, enrollment_id, points) VALUES
    (1, 1, 94.0),
    (2, 2, 87.5),
    (3, 3, 91.0),
    (4, 4, 78.0),
    (5, 5, 54.0),
    (6, 6, 88.0),
    (7, 7, 82.0),
    (8, 8, 90.0),
    (9, 9, 57.0),
    (10, 10, 85.0),
    (11, 11, 93.0),
    (12, 12, 81.0),
    (13, 13, 86.0),
    (14, 14, 79.0),
    (15, 15, 52.0),
    (16, 16, 89.0),
    (17, 17, 76.0),
    (18, 18, 84.0),
    (19, 19, 55.0),
    (20, 20, 92.0),
    (21, 21, 88.0),
    (22, 22, 73.0),
    (23, 23, 49.0),
    (24, 24, 91.0),
    (25, 25, 86.0),
    (26, 26, 80.0),
    (27, 27, 83.0),
    (28, 28, 58.0),
    (29, 29, 95.0),
    (30, 30, 89.0),
    (31, 31, 84.0),
    (32, 32, 92.0),
    (33, 33, 87.0),
    (34, 34, 79.0),
    (35, 35, 90.0),
    (36, 36, 51.0),
    (37, 37, 88.0),
    (38, 38, 82.0),
    (39, 39, 77.0),
    (40, 40, 85.0),
    (41, 41, 91.0),
    (42, 42, 86.0),
    (43, 43, 80.0),
    (44, 44, 84.0),
    (45, 45, 89.0),
    (46, 46, 83.0),
    (47, 47, 78.0),
    (48, 48, 56.0),
    (49, 49, 92.0),
    (50, 50, 88.0),
    (51, 51, 81.0),
    (52, 52, 85.0),
    (53, 53, 94.0),
    (54, 54, 87.0),
    (55, 55, 90.0),
    (56, 56, 53.0),
    (57, 57, 86.0),
    (58, 58, 80.0),
    (59, 59, 82.0),
    (60, 60, 76.0),
    (61, 61, 88.0),
    (62, 62, 79.0),
    (63, 63, 84.0),
    (64, 64, 91.0),
    (65, 65, 93.0),
    (66, 66, 87.0),
    (67, 67, 80.0),
    (68, 68, 85.0);
